accuracy,precision,recall,f1,training_time,inference_time
0.605,0.4649122807017544,0.7464788732394366,0.572972972972973,0.17057733400724828,0.0003957499866373837
