accuracy,precision,recall,f1,training_time,inference_time
0.43,0.37572254335260113,0.9154929577464789,0.5327868852459017,0.13523616699967533,0.00041387503733858466
