accuracy,precision,recall,f1,training_time,inference_time
0.41,0.3672316384180791,0.9154929577464789,0.5241935483870968,0.1344562919693999,0.004063667031005025
